{"eval_loss": 0.09929126501083374, "eval_sentiment_accuracy": 0.7366110623353819, "eval_runtime": 10.1084, "eval_samples_per_second": 58.07, "eval_steps_per_second": 1.88}