{"eval_loss": 0.10003023594617844, "eval_sentiment_accuracy": 0.7856353591160221, "eval_runtime": 11.1661, "eval_samples_per_second": 60.361, "eval_steps_per_second": 1.97}