{"eval_loss": 0.09929126501083374, "eval_precision": 0.9328419328419328, "eval_recall": 0.9336065573770492, "eval_f1": 0.9332240884883245, "eval_accuracy": 0.8160136286201022, "eval_runtime": 12.7209, "eval_samples_per_second": 46.145, "eval_steps_per_second": 1.494}